{"cameraMode":{"drawMode":0,"name":"Shaded","section":"Shading Mode"},"sceneLighting":true,"audioPlay":false,"sceneViewState":{"m_AlwaysRefresh":false,"showFog":true,"showSkybox":true,"showFlares":true,"showImageEffects":true,"showParticleSystems":true,"showVisualEffectGraphs":true,"m_FxEnabled":true},"in2DMode":false,"pivot":{"x":0.8117731213569641,"y":2.52174711227417,"z":-4.8672685623168949},"rotation":{"x":0.0035482493694871666,"y":0.985798716545105,"z":-0.16657958924770356,"w":0.020996904000639917},"size":5.7933669090271,"orthographic":false}