{"cameraMode":{"drawMode":0,"name":"Shaded","section":"Shading Mode"},"sceneLighting":true,"audioPlay":false,"sceneViewState":{"m_AlwaysRefresh":false,"showFog":true,"showSkybox":true,"showFlares":true,"showImageEffects":true,"showParticleSystems":true,"showVisualEffectGraphs":true,"m_FxEnabled":true},"in2DMode":false,"pivot":{"x":-0.7188544869422913,"y":4.521154880523682,"z":8.085914611816407},"rotation":{"x":-0.002188471145927906,"y":-0.9978241324424744,"z":0.047932252287864688,"w":-0.04553390294313431},"size":1.2193478345870972,"orthographic":false}