{"cameraMode":{"drawMode":0,"name":"Shaded","section":"Shading Mode"},"sceneLighting":true,"audioPlay":false,"sceneViewState":{"m_AlwaysRefresh":false,"showFog":true,"showSkybox":true,"showFlares":true,"showImageEffects":true,"showParticleSystems":true,"showVisualEffectGraphs":true,"m_FxEnabled":true},"in2DMode":false,"pivot":{"x":0.35863322019577029,"y":4.532581329345703,"z":0.5872554779052734},"rotation":{"x":0.04035186767578125,"y":0.8257245421409607,"z":-0.05955446884036064,"w":0.5594703555107117},"size":1.927693247795105,"orthographic":false}